{"images": [{"file_name": "IMG_0568.jpg", "height": 600, "width": 800, "id": "IMG_0568"}, {"file_name": "IMG_0521.jpg", "height": 600, "width": 800, "id": "IMG_0521"}, {"file_name": "IMG_0539.jpg", "height": 600, "width": 800, "id": "IMG_0539"}, {"file_name": "IMG_0560.jpg", "height": 600, "width": 800, "id": "IMG_0560"}, {"file_name": "IMG_0509.jpg", "height": 600, "width": 800, "id": "IMG_0509"}, {"file_name": "IMG_0562.jpg", "height": 600, "width": 800, "id": "IMG_0562"}, {"file_name": "IMG_0514.jpg", "height": 600, "width": 800, "id": "IMG_0514"}, {"file_name": "IMG_0516.jpg", "height": 600, "width": 800, "id": "IMG_0516"}, {"file_name": "IMG_0533.jpg", "height": 600, "width": 800, "id": "IMG_0533"}, {"file_name": "IMG_0518.jpg", "height": 600, "width": 800, "id": "IMG_0518"}, {"file_name": "IMG_0553.jpg", "height": 600, "width": 800, "id": "IMG_0553"}, {"file_name": "IMG_0538.jpg", "height": 600, "width": 800, "id": "IMG_0538"}, {"file_name": "IMG_0547.jpg", "height": 600, "width": 800, "id": "IMG_0547"}, {"file_name": "IMG_0549.jpg", "height": 600, "width": 800, "id": "IMG_0549"}, {"file_name": "IMG_0550.jpg", "height": 600, "width": 800, "id": "IMG_0550"}, {"file_name": "IMG_0566.jpg", "height": 600, "width": 800, "id": "IMG_0566"}, {"file_name": "IMG_0510.jpg", "height": 600, "width": 800, "id": "IMG_0510"}, {"file_name": "IMG_0544.jpg", "height": 600, "width": 800, "id": "IMG_0544"}, {"file_name": "IMG_0551.jpg", "height": 600, "width": 800, "id": "IMG_0551"}, {"file_name": "IMG_0571.jpg", "height": 600, "width": 800, "id": "IMG_0571"}, {"file_name": "IMG_0561.jpg", "height": 600, "width": 800, "id": "IMG_0561"}, {"file_name": "IMG_0515.jpg", "height": 600, "width": 800, "id": "IMG_0515"}, {"file_name": "IMG_0522.jpg", "height": 600, "width": 800, "id": "IMG_0522"}, {"file_name": "IMG_0557.jpg", "height": 600, "width": 800, "id": "IMG_0557"}, {"file_name": "IMG_0511.jpg", "height": 600, "width": 800, "id": "IMG_0511"}, {"file_name": "IMG_0542.jpg", "height": 600, "width": 800, "id": "IMG_0542"}, {"file_name": "IMG_0513.jpg", "height": 600, "width": 800, "id": "IMG_0513"}, {"file_name": "IMG_0519.jpg", "height": 600, "width": 800, "id": "IMG_0519"}, {"file_name": "IMG_0534.jpg", "height": 600, "width": 800, "id": "IMG_0534"}, {"file_name": "IMG_0525.jpg", "height": 600, "width": 800, "id": "IMG_0525"}, {"file_name": "IMG_0529.jpg", "height": 600, "width": 800, "id": "IMG_0529"}, {"file_name": "IMG_0526.jpg", "height": 600, "width": 800, "id": "IMG_0526"}, {"file_name": "IMG_0567.jpg", "height": 600, "width": 800, "id": "IMG_0567"}, {"file_name": "IMG_0569.jpg", "height": 600, "width": 800, "id": "IMG_0569"}, {"file_name": "IMG_0537.jpg", "height": 600, "width": 800, "id": "IMG_0537"}, {"file_name": "IMG_0512.jpg", "height": 600, "width": 800, "id": "IMG_0512"}, {"file_name": "IMG_0564.jpg", "height": 600, "width": 800, "id": "IMG_0564"}, {"file_name": "IMG_0565.jpg", "height": 600, "width": 800, "id": "IMG_0565"}, {"file_name": "IMG_0530.jpg", "height": 600, "width": 800, "id": "IMG_0530"}, {"file_name": "IMG_0546.jpg", "height": 600, "width": 800, "id": "IMG_0546"}, {"file_name": "IMG_0563.jpg", "height": 600, "width": 800, "id": "IMG_0563"}, {"file_name": "IMG_0536.jpg", "height": 600, "width": 800, "id": "IMG_0536"}, {"file_name": "IMG_0545.jpg", "height": 600, "width": 800, "id": "IMG_0545"}, {"file_name": "IMG_0559.jpg", "height": 600, "width": 800, "id": "IMG_0559"}, {"file_name": "IMG_0528.jpg", "height": 600, "width": 800, "id": "IMG_0528"}, {"file_name": "IMG_0531.jpg", "height": 600, "width": 800, "id": "IMG_0531"}, {"file_name": "IMG_0555.jpg", "height": 600, "width": 800, "id": "IMG_0555"}, {"file_name": "IMG_0535.jpg", "height": 600, "width": 800, "id": "IMG_0535"}, {"file_name": "IMG_0554.jpg", "height": 600, "width": 800, "id": "IMG_0554"}, {"file_name": "IMG_0520.jpg", "height": 600, "width": 800, "id": "IMG_0520"}, {"file_name": "IMG_0556.jpg", "height": 600, "width": 800, "id": "IMG_0556"}, {"file_name": "IMG_0517.jpg", "height": 600, "width": 800, "id": "IMG_0517"}, {"file_name": "IMG_0541.jpg", "height": 600, "width": 800, "id": "IMG_0541"}, {"file_name": "IMG_0523.jpg", "height": 600, "width": 800, "id": "IMG_0523"}, {"file_name": "IMG_0527.jpg", "height": 600, "width": 800, "id": "IMG_0527"}, {"file_name": "IMG_0552.jpg", "height": 600, "width": 800, "id": "IMG_0552"}, {"file_name": "IMG_0558.jpg", "height": 600, "width": 800, "id": "IMG_0558"}, {"file_name": "IMG_0540.jpg", "height": 600, "width": 800, "id": "IMG_0540"}, {"file_name": "IMG_0543.jpg", "height": 600, "width": 800, "id": "IMG_0543"}, {"file_name": "IMG_0548.jpg", "height": 600, "width": 800, "id": "IMG_0548"}, {"file_name": "IMG_0532.jpg", "height": 600, "width": 800, "id": "IMG_0532"}, {"file_name": "IMG_0524.jpg", "height": 600, "width": 800, "id": "IMG_0524"}], "type": "instances", "annotations": [{"area": 28268, "iscrowd": 0, "bbox": [289, 195, 148, 191], "category_id": 1, "ignore": 0, "segmentation": [], "image_id": "IMG_0568", "id": 1}, {"area": 165600, "iscrowd": 0, "bbox": [254, 16, 368, 450], "category_id": 2, "ignore": 0, "segmentation": [], "image_id": "IMG_0521", "id": 2}, {"area": 65149, "iscrowd": 0, "bbox": [229, 95, 227, 287], "category_id": 1, "ignore": 0, "segmentation": [], "image_id": "IMG_0539", "id": 3}, {"area": 112700, "iscrowd": 0, "bbox": [312, 113, 322, 350], "category_id": 1, "ignore": 0, "segmentation": [], "image_id": "IMG_0560", "id": 4}, {"area": 16800, "iscrowd": 0, "bbox": [314, 22, 140, 120], "category_id": 2, "ignore": 0, "segmentation": [], "image_id": "IMG_0560", "id": 5}, {"area": 75609, "iscrowd": 0, "bbox": [9, 130, 279, 271], "category_id": 1, "ignore": 0, "segmentation": [], "image_id": "IMG_0509", "id": 6}, {"area": 47871, "iscrowd": 0, "bbox": [525, 81, 197, 243], "category_id": 2, "ignore": 0, "segmentation": [], "image_id": "IMG_0509", "id": 7}, {"area": 103320, "iscrowd": 0, "bbox": [301, 47, 280, 369], "category_id": 2, "ignore": 0, "segmentation": [], "image_id": "IMG_0562", "id": 8}, {"area": 60768, "iscrowd": 0, "bbox": [329, 148, 211, 288], "category_id": 1, "ignore": 0, "segmentation": [], "image_id": "IMG_0514", "id": 9}, {"area": 60114, "iscrowd": 0, "bbox": [242, 150, 233, 258], "category_id": 1, "ignore": 0, "segmentation": [], "image_id": "IMG_0516", "id": 10}, {"area": 59972, "iscrowd": 0, "bbox": [344, 136, 188, 319], "category_id": 2, "ignore": 0, "segmentation": [], "image_id": "IMG_0533", "id": 11}, {"area": 47656, "iscrowd": 0, "bbox": [286, 70, 184, 259], "category_id": 1, "ignore": 0, "segmentation": [], "image_id": "IMG_0518", "id": 12}, {"area": 82992, "iscrowd": 0, "bbox": [131, 183, 266, 312], "category_id": 2, "ignore": 0, "segmentation": [], "image_id": "IMG_0553", "id": 13}, {"area": 79200, "iscrowd": 0, "bbox": [298, 115, 264, 300], "category_id": 1, "ignore": 0, "segmentation": [], "image_id": "IMG_0538", "id": 14}, {"area": 58596, "iscrowd": 0, "bbox": [4, 100, 228, 257], "category_id": 1, "ignore": 0, "segmentation": [], "image_id": "IMG_0547", "id": 15}, {"area": 76545, "iscrowd": 0, "bbox": [363, 41, 243, 315], "category_id": 2, "ignore": 0, "segmentation": [], "image_id": "IMG_0547", "id": 16}, {"area": 93450, "iscrowd": 0, "bbox": [278, 38, 267, 350], "category_id": 2, "ignore": 0, "segmentation": [], "image_id": "IMG_0549", "id": 17}, {"area": 111504, "iscrowd": 0, "bbox": [186, 49, 303, 368], "category_id": 2, "ignore": 0, "segmentation": [], "image_id": "IMG_0550", "id": 18}, {"area": 137943, "iscrowd": 0, "bbox": [416, 0, 351, 393], "category_id": 1, "ignore": 0, "segmentation": [], "image_id": "IMG_0566", "id": 19}, {"area": 91805, "iscrowd": 0, "bbox": [250, 160, 301, 305], "category_id": 1, "ignore": 0, "segmentation": [], "image_id": "IMG_0510", "id": 20}, {"area": 19200, "iscrowd": 0, "bbox": [237, 216, 120, 160], "category_id": 1, "ignore": 0, "segmentation": [], "image_id": "IMG_0544", "id": 21}, {"area": 105248, "iscrowd": 0, "bbox": [136, 151, 299, 352], "category_id": 2, "ignore": 0, "segmentation": [], "image_id": "IMG_0551", "id": 22}, {"area": 9120, "iscrowd": 0, "bbox": [53, 0, 120, 76], "category_id": 1, "ignore": 0, "segmentation": [], "image_id": "IMG_0551", "id": 23}, {"area": 68544, "iscrowd": 0, "bbox": [303, 90, 252, 272], "category_id": 1, "ignore": 0, "segmentation": [], "image_id": "IMG_0571", "id": 24}, {"area": 96930, "iscrowd": 0, "bbox": [199, 64, 270, 359], "category_id": 2, "ignore": 0, "segmentation": [], "image_id": "IMG_0561", "id": 25}, {"area": 67270, "iscrowd": 0, "bbox": [317, 121, 217, 310], "category_id": 1, "ignore": 0, "segmentation": [], "image_id": "IMG_0515", "id": 26}, {"area": 143190, "iscrowd": 0, "bbox": [257, 84, 333, 430], "category_id": 2, "ignore": 0, "segmentation": [], "image_id": "IMG_0522", "id": 27}, {"area": 78288, "iscrowd": 0, "bbox": [301, 189, 233, 336], "category_id": 1, "ignore": 0, "segmentation": [], "image_id": "IMG_0557", "id": 28}, {"area": 65262, "iscrowd": 0, "bbox": [197, 82, 219, 298], "category_id": 1, "ignore": 0, "segmentation": [], "image_id": "IMG_0511", "id": 29}, {"area": 25200, "iscrowd": 0, "bbox": [340, 157, 126, 200], "category_id": 1, "ignore": 0, "segmentation": [], "image_id": "IMG_0542", "id": 30}, {"area": 103540, "iscrowd": 0, "bbox": [229, 75, 310, 334], "category_id": 1, "ignore": 0, "segmentation": [], "image_id": "IMG_0513", "id": 31}, {"area": 131296, "iscrowd": 0, "bbox": [214, 21, 352, 373], "category_id": 2, "ignore": 0, "segmentation": [], "image_id": "IMG_0519", "id": 32}, {"area": 95352, "iscrowd": 0, "bbox": [234, 2, 232, 411], "category_id": 2, "ignore": 0, "segmentation": [], "image_id": "IMG_0534", "id": 33}, {"area": 93280, "iscrowd": 0, "bbox": [348, 60, 265, 352], "category_id": 2, "ignore": 0, "segmentation": [], "image_id": "IMG_0525", "id": 34}, {"area": 48048, "iscrowd": 0, "bbox": [317, 181, 176, 273], "category_id": 2, "ignore": 0, "segmentation": [], "image_id": "IMG_0529", "id": 35}, {"area": 60444, "iscrowd": 0, "bbox": [197, 104, 219, 276], "category_id": 2, "ignore": 0, "segmentation": [], "image_id": "IMG_0526", "id": 36}, {"area": 32942, "iscrowd": 0, "bbox": [270, 147, 181, 182], "category_id": 1, "ignore": 0, "segmentation": [], "image_id": "IMG_0567", "id": 37}, {"area": 21717, "iscrowd": 0, "bbox": [673, 0, 127, 171], "category_id": 2, "ignore": 0, "segmentation": [], "image_id": "IMG_0567", "id": 38}, {"area": 49320, "iscrowd": 0, "bbox": [307, 80, 180, 274], "category_id": 1, "ignore": 0, "segmentation": [], "image_id": "IMG_0569", "id": 39}, {"area": 27379, "iscrowd": 0, "bbox": [89, 109, 131, 209], "category_id": 2, "ignore": 0, "segmentation": [], "image_id": "IMG_0537", "id": 40}, {"area": 49713, "iscrowd": 0, "bbox": [489, 228, 219, 227], "category_id": 1, "ignore": 0, "segmentation": [], "image_id": "IMG_0537", "id": 41}, {"area": 56964, "iscrowd": 0, "bbox": [400, 172, 202, 282], "category_id": 1, "ignore": 0, "segmentation": [], "image_id": "IMG_0512", "id": 42}, {"area": 84975, "iscrowd": 0, "bbox": [293, 127, 275, 309], "category_id": 2, "ignore": 0, "segmentation": [], "image_id": "IMG_0564", "id": 43}, {"area": 168917, "iscrowd": 0, "bbox": [165, 31, 413, 409], "category_id": 1, "ignore": 0, "segmentation": [], "image_id": "IMG_0565", "id": 44}, {"area": 95400, "iscrowd": 0, "bbox": [216, 111, 300, 318], "category_id": 2, "ignore": 0, "segmentation": [], "image_id": "IMG_0530", "id": 45}, {"area": 72891, "iscrowd": 0, "bbox": [87, 104, 267, 273], "category_id": 1, "ignore": 0, "segmentation": [], "image_id": "IMG_0546", "id": 46}, {"area": 59625, "iscrowd": 0, "bbox": [429, 30, 225, 265], "category_id": 2, "ignore": 0, "segmentation": [], "image_id": "IMG_0546", "id": 47}, {"area": 101104, "iscrowd": 0, "bbox": [284, 135, 284, 356], "category_id": 2, "ignore": 0, "segmentation": [], "image_id": "IMG_0563", "id": 48}, {"area": 11025, "iscrowd": 0, "bbox": [497, 0, 105, 105], "category_id": 1, "ignore": 0, "segmentation": [], "image_id": "IMG_0563", "id": 49}, {"area": 104912, "iscrowd": 0, "bbox": [215, 179, 316, 332], "category_id": 2, "ignore": 0, "segmentation": [], "image_id": "IMG_0536", "id": 50}, {"area": 40095, "iscrowd": 0, "bbox": [261, 145, 165, 243], "category_id": 1, "ignore": 0, "segmentation": [], "image_id": "IMG_0545", "id": 51}, {"area": 80073, "iscrowd": 0, "bbox": [358, 149, 279, 287], "category_id": 1, "ignore": 0, "segmentation": [], "image_id": "IMG_0559", "id": 52}, {"area": 10710, "iscrowd": 0, "bbox": [60, 0, 153, 70], "category_id": 2, "ignore": 0, "segmentation": [], "image_id": "IMG_0559", "id": 53}, {"area": 47502, "iscrowd": 0, "bbox": [338, 241, 234, 203], "category_id": 2, "ignore": 0, "segmentation": [], "image_id": "IMG_0528", "id": 54}, {"area": 87984, "iscrowd": 0, "bbox": [198, 98, 282, 312], "category_id": 2, "ignore": 0, "segmentation": [], "image_id": "IMG_0531", "id": 55}, {"area": 112545, "iscrowd": 0, "bbox": [234, 98, 305, 369], "category_id": 1, "ignore": 0, "segmentation": [], "image_id": "IMG_0555", "id": 56}, {"area": 82855, "iscrowd": 0, "bbox": [290, 74, 227, 365], "category_id": 2, "ignore": 0, "segmentation": [], "image_id": "IMG_0535", "id": 57}, {"area": 124292, "iscrowd": 0, "bbox": [329, 109, 322, 386], "category_id": 2, "ignore": 0, "segmentation": [], "image_id": "IMG_0554", "id": 58}, {"area": 151515, "iscrowd": 0, "bbox": [221, 18, 333, 455], "category_id": 2, "ignore": 0, "segmentation": [], "image_id": "IMG_0520", "id": 59}, {"area": 94572, "iscrowd": 0, "bbox": [276, 115, 284, 333], "category_id": 1, "ignore": 0, "segmentation": [], "image_id": "IMG_0556", "id": 60}, {"area": 15180, "iscrowd": 0, "bbox": [271, 0, 110, 138], "category_id": 2, "ignore": 0, "segmentation": [], "image_id": "IMG_0556", "id": 61}, {"area": 49720, "iscrowd": 0, "bbox": [306, 172, 220, 226], "category_id": 1, "ignore": 0, "segmentation": [], "image_id": "IMG_0517", "id": 62}, {"area": 26048, "iscrowd": 0, "bbox": [308, 193, 148, 176], "category_id": 1, "ignore": 0, "segmentation": [], "image_id": "IMG_0541", "id": 63}, {"area": 81744, "iscrowd": 0, "bbox": [307, 183, 262, 312], "category_id": 2, "ignore": 0, "segmentation": [], "image_id": "IMG_0523", "id": 64}, {"area": 14805, "iscrowd": 0, "bbox": [142, 66, 105, 141], "category_id": 1, "ignore": 0, "segmentation": [], "image_id": "IMG_0523", "id": 65}, {"area": 52182, "iscrowd": 0, "bbox": [297, 229, 223, 234], "category_id": 2, "ignore": 0, "segmentation": [], "image_id": "IMG_0527", "id": 66}, {"area": 52250, "iscrowd": 0, "bbox": [221, 177, 209, 250], "category_id": 2, "ignore": 0, "segmentation": [], "image_id": "IMG_0552", "id": 67}, {"area": 6161, "iscrowd": 0, "bbox": [51, 179, 101, 61], "category_id": 1, "ignore": 0, "segmentation": [], "image_id": "IMG_0552", "id": 68}, {"area": 125961, "iscrowd": 0, "bbox": [402, 98, 347, 363], "category_id": 1, "ignore": 0, "segmentation": [], "image_id": "IMG_0558", "id": 69}, {"area": 16100, "iscrowd": 0, "bbox": [290, 267, 100, 161], "category_id": 1, "ignore": 0, "segmentation": [], "image_id": "IMG_0540", "id": 70}, {"area": 35685, "iscrowd": 0, "bbox": [345, 242, 183, 195], "category_id": 1, "ignore": 0, "segmentation": [], "image_id": "IMG_0543", "id": 71}, {"area": 28890, "iscrowd": 0, "bbox": [245, 75, 135, 214], "category_id": 1, "ignore": 0, "segmentation": [], "image_id": "IMG_0548", "id": 72}, {"area": 73988, "iscrowd": 0, "bbox": [427, 113, 212, 349], "category_id": 2, "ignore": 0, "segmentation": [], "image_id": "IMG_0548", "id": 73}, {"area": 66264, "iscrowd": 0, "bbox": [270, 124, 251, 264], "category_id": 2, "ignore": 0, "segmentation": [], "image_id": "IMG_0532", "id": 74}, {"area": 56760, "iscrowd": 0, "bbox": [315, 99, 215, 264], "category_id": 2, "ignore": 0, "segmentation": [], "image_id": "IMG_0524", "id": 75}], "categories": [{"supercategory": "none", "id": 1, "name": "android"}, {"supercategory": "none", "id": 2, "name": "pig_android"}]}